{
    "AX": {
        "error": 0.0002898926147801809,
        "fit": "Bracketing Interpolate",
        "reference_data": {
            "es": [
                0.0003451944229275399,
                0.0004884296913365383,
                0.0003538222587590369,
                0.0003471641376156625,
                0.00034260152555527003,
                0.0003512610341698717,
                0.00032804725875226423,
                0.0003478690820653335,
                0.00034120692018919035,
                0.00035759620371021277,
                0.000366297536730185,
                0.0003715217083946099,
                0.00032825907509670903,
                0.0003459388123014182,
                0.00035413394115580283,
                0.0003473840121506494,
                0.0003401079001582429,
                0.00032505135440617994,
                0.00034342143722832413,
                0.0003443330952352466,
                0.0003445387523900736,
                0.00034354057640017003,
                0.0003530156521589321,
                0.0005496606480644006,
                0.0005736740825817005,
                0.0005221723652380744,
                0.0005554770173926046,
                0.0005240928112001983
            ],
            "vs": [
                1.003127690527298,
                0.9999837103769179,
                1.0013203182921784,
                1.0017970013924538,
                1.0013123237680006,
                1.0043623211383546,
                1.0030119951265075,
                1.0032287213320124,
                1.0027333276209145,
                1.0027462468759887,
                1.0030287979630188,
                1.0034475321361822,
                1.0043963743342503,
                1.004622141919577,
                1.0042964383059994,
                1.0055425331627008,
                1.0048334955574445,
                1.0053154502470383,
                1.005603032500816,
                1.004858432161028,
                1.00359590601936,
                1.0031889597796837,
                1.0025472508473652,
                1.0032133196998043,
                1.0028711262019252,
                1.0026278108583482,
                1.0019470186362036,
                1.002330600924237
            ],
            "xs": [
                1524767847.0,
                1524773830.0,
                1524778663.0,
                1524784624.0,
                1524790964.0,
                1524848924.0,
                1524854791.0,
                1524861227.0,
                1524867585.0,
                1524874564.0,
                1524879955.0,
                1524886458.0,
                1524893388.0,
                1524899921.0,
                1524905875.0,
                1524911914.0,
                1524917893.0,
                1524924483.0,
                1524930447.0,
                1524938072.0,
                1524943582.0,
                1524950232.0,
                1524956271.0,
                1525186009.0,
                1525193067.0,
                1525193914.0,
                1525199914.0,
                1525202496.0
            ]
        },
        "reference_detector": "rad40",
        "references": [
            {
                "exclude": "ok",
                "record_id": "c-02-J-3363",
                "uuid": "d6b5083c-d210-4b05-9029-530326314e87"
            },
            {
                "exclude": "ok",
                "record_id": "c-02-J-3364",
                "uuid": "b8de74a6-891c-4df7-86e4-41c2aeb1e982"
            },
            {
                "exclude": "ok",
                "record_id": "c-02-J-3365",
                "uuid": "b371400a-30c4-4d2d-b46b-76bfbd0738d9"
            },
            {
                "exclude": "ok",
                "record_id": "c-02-J-3366",
                "uuid": "5adb80c7-e05e-4698-b6b6-86653a3ebf89"
            },
            {
                "exclude": "ok",
                "record_id": "c-02-J-3367",
                "uuid": "dbdbe23a-ad16-4448-a2d8-51e5796d82e9"
            },
            {
                "exclude": "ok",
                "record_id": "c-02-J-3369",
                "uuid": "14dd3ef7-2c37-45c7-bdaa-f6a24a2a5e6d"
            },
            {
                "exclude": "ok",
                "record_id": "c-02-J-3370",
                "uuid": "3487db13-c313-4e53-9729-7a2680b46759"
            },
            {
                "exclude": "ok",
                "record_id": "c-02-J-3371",
                "uuid": "5f68568e-b6b9-4dce-8ca0-0dd6ea7ab4e3"
            },
            {
                "exclude": "ok",
                "record_id": "c-02-J-3372",
                "uuid": "12d3f98c-d9b4-4b61-a81e-79b46b598732"
            },
            {
                "exclude": "ok",
                "record_id": "c-02-J-3373",
                "uuid": "8965544c-2684-442f-8b5f-e4901a6cf504"
            },
            {
                "exclude": "ok",
                "record_id": "c-02-J-3374",
                "uuid": "55dc5103-1021-4fd2-b391-096f54049be5"
            },
            {
                "exclude": "ok",
                "record_id": "c-02-J-3375",
                "uuid": "3479cf78-915e-46e5-af4b-abd1c5c1fbd5"
            },
            {
                "exclude": "ok",
                "record_id": "c-02-J-3376",
                "uuid": "1cee47e0-aaf2-4abd-ad94-69727df1e0cb"
            },
            {
                "exclude": "ok",
                "record_id": "c-02-J-3377",
                "uuid": "5463f53d-cda7-4d01-b7d2-734bbb78e9c6"
            },
            {
                "exclude": "ok",
                "record_id": "c-02-J-3378",
                "uuid": "137b956b-b6b9-4227-a81c-f5d6daf06105"
            },
            {
                "exclude": "ok",
                "record_id": "c-02-J-3379",
                "uuid": "fb846e64-bdaf-4086-9788-4a494c045341"
            },
            {
                "exclude": "ok",
                "record_id": "c-02-J-3380",
                "uuid": "2740d2ec-ac14-4038-8aad-83ff34e33d7d"
            },
            {
                "exclude": "ok",
                "record_id": "c-02-J-3381",
                "uuid": "24da0c01-4f8c-4b52-b7c3-efabbc4999ff"
            },
            {
                "exclude": "ok",
                "record_id": "c-02-J-3382",
                "uuid": "9106f739-3e46-4121-87d5-f00dcab251a7"
            },
            {
                "exclude": "ok",
                "record_id": "c-02-J-3383",
                "uuid": "cf86d73a-f5e8-4ade-a756-b4cd01927b07"
            },
            {
                "exclude": "ok",
                "record_id": "c-02-J-3384",
                "uuid": "f3b6e46a-a5c3-43d8-ba0b-ea26c495f1f1"
            },
            {
                "exclude": "ok",
                "record_id": "c-02-J-3385",
                "uuid": "3aeb037c-7426-4bed-9218-1e0243720ce6"
            },
            {
                "exclude": "ok",
                "record_id": "c-02-J-3386",
                "uuid": "60b75ad3-3100-4c05-8439-6126d73013c4"
            },
            {
                "exclude": "ok",
                "record_id": "c-02-J-3418",
                "uuid": "f0a07c2d-f6d4-40a5-b4c3-80830e7617f1"
            },
            {
                "exclude": "ok",
                "record_id": "c-02-J-3419",
                "uuid": "ddf5bd94-6de8-461a-93f4-bedd6b7aef74"
            },
            {
                "exclude": "ok",
                "record_id": "c-02-J-3420",
                "uuid": "6773b759-8e30-4bf8-8acc-2f1ad808753e"
            },
            {
                "exclude": "ok",
                "record_id": "c-02-J-3421",
                "uuid": "6f69fd5e-b0d1-4392-a318-49448b20e984"
            },
            {
                "exclude": "ok",
                "record_id": "c-02-J-3422",
                "uuid": "76e1d4c7-a680-4794-8053-2b582a6bd2d3"
            }
        ],